"aretha_franklin","very_best_of_aretha_frankl","sisters_are_doing_it_for_thems","1","aretha_franklin/very_best_of_aretha_frankl/01-sisters_are_doing_it_for_thems.mp3"
"aretha_franklin","think_2002_remix","think_2002_bootleg_remix","1","aretha_franklin/think_2002_remix/01-think_2002_bootleg_remix.mp3"
"aretha_franklin","columbia_jazz_1960_1965_retail","trouble_in_mind","16","aretha_franklin/columbia_jazz_1960_1965_retail/16-trouble_in_mind.mp3"
"aretha_franklin","very_best_of_aretha_frankl","house_that_jack_built","6","aretha_franklin/very_best_of_aretha_frankl/06-house_that_jack_built.mp3"
"aretha_franklin","very_best_of_aretha_frankl","chain_of_fools","2","aretha_franklin/very_best_of_aretha_frankl/02-chain_of_fools.mp3"
"aretha_franklin","very_best_of_aretha_frankl","since_you_ve_been_gone","9","aretha_franklin/very_best_of_aretha_frankl/09-since_you_ve_been_gone.mp3"
"aretha_franklin","columbia_jazz_1960_1965_retail","maybe_im_a_fool","14","aretha_franklin/columbia_jazz_1960_1965_retail/14-maybe_im_a_fool.mp3"
"backstreet_boys","backstreets_back","as_long_as_you_love_me","2","backstreet_boys/backstreets_back/02-as_long_as_you_love_me.mp3"
"backstreet_boys","greatest_hits_chapter_one","shape_of_my_heart","11","backstreet_boys/greatest_hits_chapter_one/11-shape_of_my_heart.mp3"
"backstreet_boys","millennium","no_one_else_comes_close","11","backstreet_boys/millennium/11-no_one_else_comes_close.mp3"
"backstreet_boys","greatest_hits_chapter_one","call","10","backstreet_boys/greatest_hits_chapter_one/10-call.mp3"
"backstreet_boys","millennium","spanish_eyes","10","backstreet_boys/millennium/10-spanish_eyes.mp3"
"backstreet_boys","millennium","dont_want_you_back","6","backstreet_boys/millennium/06-dont_want_you_back.mp3"
"backstreet_boys","backstreets_back","thats_what_she_said","9","backstreet_boys/backstreets_back/09-thats_what_she_said.mp3"
"basement_jaxx","kish_kash","tonight_feat_phoebe","11","basement_jaxx/kish_kash/11-tonight_feat_phoebe.mp3"
"basement_jaxx","kish_kash","living_room","13","basement_jaxx/kish_kash/13-living_room.mp3"
"basement_jaxx","kish_kash","if_i_ever_recover","9","basement_jaxx/kish_kash/09-if_i_ever_recover.mp3"
"basement_jaxx","rooty","where_s_your_head_at","8","basement_jaxx/rooty/08-where_s_your_head_at.mp3"
"basement_jaxx","kish_kash","plug_it_in_feat_jc_chasez","7","basement_jaxx/kish_kash/07-plug_it_in_feat_jc_chasez.mp3"
"basement_jaxx","rooty","breakaway","2","basement_jaxx/rooty/02-breakaway.mp3"
"basement_jaxx","kish_kash","cish_cash_feat_siouxsie_sioux","10","basement_jaxx/kish_kash/10-cish_cash_feat_siouxsie_sioux.mp3"
"beach_boys","sunflower_surf_up","take_a_load_off_your_feet","15","beach_boys/sunflower_surf_up/15-take_a_load_off_your_feet.mp3"
"beach_boys","surfin_safari_surfin_u_s_a","heads_you_win_tails_i_lose","8","beach_boys/surfin_safari_surfin_u_s_a/08-heads_you_win_tails_i_lose.mp3"
"beach_boys","sunflower_surf_up","day_in_the_life_of_a_tr","20","beach_boys/sunflower_surf_up/20-day_in_the_life_of_a_tr.mp3"
"beach_boys","surfin_safari_surfin_u_s_a","honky_tonk","20","beach_boys/surfin_safari_surfin_u_s_a/20-honky_tonk.mp3"
"beach_boys","best_of_the_60s","then_i_kissed_her","1","beach_boys/best_of_the_60s/01-then_i_kissed_her.mp3"
"beach_boys","surfin_safari_surfin_u_s_a","shift","12","beach_boys/surfin_safari_surfin_u_s_a/12-shift.mp3"
"beach_boys","surfin_safari_surfin_u_s_a","ten_little_indians","3","beach_boys/surfin_safari_surfin_u_s_a/03-ten_little_indians.mp3"
"beatles","magical_mystery_tour","baby_you_re_a_rich_man","10","beatles/magical_mystery_tour/10-baby_you_re_a_rich_man.mp3"
"beatles","hard_day_s_night","if_i_fell","3","beatles/hard_day_s_night/03-if_i_fell.mp3"
"beatles","let_it_be","for_you_blue","11","beatles/let_it_be/11-for_you_blue.mp3"
"beatles","abbey_road","something","2","beatles/abbey_road/02-something.mp3"
"beatles","revolver","she_said_she_said","7","beatles/revolver/07-she_said_she_said.mp3"
"beatles","past_masters_volume_one","matchbox_the_beatles","13","beatles/past_masters_volume_one/13-matchbox_the_beatles.mp3"
"beatles","hard_day_s_night","i_ll_be_back","13","beatles/hard_day_s_night/13-i_ll_be_back.mp3"
"beck","midnite_vultures","sexx_laws","1","beck/midnite_vultures/01-sexx_laws.mp3"
"beck","sea_change","nothing_i_haven_t_seen","6","beck/sea_change/06-nothing_i_haven_t_seen.mp3"
"beck","sea_change","already_dead","9","beck/sea_change/09-already_dead.mp3"
"beck","beck","zatyricon","8","beck/beck/08-zatyricon.mp3"
"beck","midnite_vultures","peaches_cream","6","beck/midnite_vultures/06-peaches_cream.mp3"
"beck","sea_change","little_one","11","beck/sea_change/11-little_one.mp3"
"beck","mutations","o_maria","9","beck/mutations/09-o_maria.mp3"
"bee_gees","their_greatest_hits_the_recor","you_win_again","12","bee_gees/their_greatest_hits_the_recor/12-you_win_again.mp3"
"bee_gees","their_greatest_hits_the_recor","saved_by_the_bell","32","bee_gees/their_greatest_hits_the_recor/32-saved_by_the_bell.mp3"
"bee_gees","their_greatest_hits_the_recor","new_york_mining_disaster_1941","32","bee_gees/their_greatest_hits_the_recor/32-new_york_mining_disaster_1941.mp3"
"bee_gees","their_greatest_hits_the_recor","to_love_somebody","32","bee_gees/their_greatest_hits_the_recor/32-to_love_somebody.mp3"
"bee_gees","their_greatest_hits_the_recor","holiday","32","bee_gees/their_greatest_hits_the_recor/32-holiday.mp3"
"bee_gees","their_greatest_hits_the_recor","this_is_where_i_came_in","18","bee_gees/their_greatest_hits_the_recor/18-this_is_where_i_came_in.mp3"
"bee_gees","spirits_having_flown","reaching_out","4","bee_gees/spirits_having_flown/04-reaching_out.mp3"
"bloodhound_gang","hooray_for_boobies","this_is_stupid","15","bloodhound_gang/hooray_for_boobies/15-this_is_stupid.mp3"
"bloodhound_gang","hooray_for_boobies","lap_dance_is_so_much_better_when_the_stripper_is_crying","16","bloodhound_gang/hooray_for_boobies/16-lap_dance_is_so_much_better_when_the_stripper_is_crying.mp3"
"bloodhound_gang","hooray_for_boobies","take_the_long_way_home","12","bloodhound_gang/hooray_for_boobies/12-take_the_long_way_home.mp3"
"bloodhound_gang","hooray_for_boobies","hell_yeah","13","bloodhound_gang/hooray_for_boobies/13-hell_yeah.mp3"
"bloodhound_gang","hooray_for_boobies","mope","5","bloodhound_gang/hooray_for_boobies/05-mope.mp3"
"bloodhound_gang","hooray_for_boobies","yummy_down_on_this","6","bloodhound_gang/hooray_for_boobies/06-yummy_down_on_this.mp3"
"bloodhound_gang","hooray_for_boobies","ballad_of_chasey_lane","7","bloodhound_gang/hooray_for_boobies/07-ballad_of_chasey_lane.mp3"
"blur","think_tank_advance","good_song","4","blur/think_tank_advance/04-good_song.mp3"
"blur","think_tank_advance","sweet_song","10","blur/think_tank_advance/10-sweet_song.mp3"
"blur","think_tank_advance","moroccan_peoples_revolutionary","9","blur/think_tank_advance/09-moroccan_peoples_revolutionary.mp3"
"blur","think_tank","my_white_noise_hidden_track","14","blur/think_tank/14-my_white_noise_hidden_track.mp3"
"blur","think_tank_advance","crazy_beat","3","blur/think_tank_advance/03-crazy_beat.mp3"
"blur","think_tank_advance","brothers_and_sisters","6","blur/think_tank_advance/06-brothers_and_sisters.mp3"
"blur","think_tank_advance","ambulance","1","blur/think_tank_advance/01-ambulance.mp3"
"bob_dylan","essential_bob_dylan_disc_1","don_t_think_twice_it_s_all_right","2","bob_dylan/essential_bob_dylan_disc_1/02-don_t_think_twice_it_s_all_right.mp3"
"bob_dylan","essential_bob_dylan_disc_1","it_ain_t_me_babe","4","bob_dylan/essential_bob_dylan_disc_1/04-it_ain_t_me_babe.mp3"
"bob_dylan","essential_bob_dylan_disc_1","you_ain_t_goin_nowhere","21","bob_dylan/essential_bob_dylan_disc_1/21-you_ain_t_goin_nowhere.mp3"
"bob_dylan","love_and_theft","sugar_baby","12","bob_dylan/love_and_theft/12-sugar_baby.mp3"
"bob_dylan","love_and_theft","po_boy","10","bob_dylan/love_and_theft/10-po_boy.mp3"
"bob_dylan","essential_bob_dylan_disc_1","like_a_rolling_stone","9","bob_dylan/essential_bob_dylan_disc_1/09-like_a_rolling_stone.mp3"
"bob_dylan","vanilla_sky","fourth_time_around","14","bob_dylan/vanilla_sky/14-fourth_time_around.mp3"
"bon_jovi","one_wild_night","just_older","12","bon_jovi/one_wild_night/12-just_older.mp3"
"bon_jovi","one_wild_night","wanted_dead_or_alive","8","bon_jovi/one_wild_night/08-wanted_dead_or_alive.mp3"
"bon_jovi","crush","one_wild_night","12","bon_jovi/crush/12-one_wild_night.mp3"
"bon_jovi","bounce","joey","4","bon_jovi/bounce/04-joey.mp3"
"bon_jovi","one_wild_night","rockin_in_the_free_world","6","bon_jovi/one_wild_night/06-rockin_in_the_free_world.mp3"
"bon_jovi","crush","next_100_years","5","bon_jovi/crush/05-next_100_years.mp3"
"bon_jovi","bounce","distance","3","bon_jovi/bounce/03-distance.mp3"
"britney_spears","now_50_thats_what_i_call_music_cd2","i_m_a_slave_4_u","7","britney_spears/now_50_thats_what_i_call_music_cd2/07-i_m_a_slave_4_u.mp3"
"britney_spears","britney","lonely","3","britney_spears/britney/03-lonely.mp3"
"britney_spears","britney","i_m_not_a_girl_not_yet_a_woman","4","britney_spears/britney/04-i_m_not_a_girl_not_yet_a_woman.mp3"
"britney_spears","oopsi_did_it_again","dont_go_knocking_on_my_door","3","britney_spears/oopsi_did_it_again/03-dont_go_knocking_on_my_door.mp3"
"britney_spears","overprotected_cds","overprotected_album_version","1","britney_spears/overprotected_cds/01-overprotected_album_version.mp3"
"britney_spears","overprotected_cds","i_m_a_slave_4_u_album_version","5","britney_spears/overprotected_cds/05-i_m_a_slave_4_u_album_version.mp3"
"britney_spears","oopsi_did_it_again","on_kiss_from_you","8","britney_spears/oopsi_did_it_again/08-on_kiss_from_you.mp3"
"bruce_springsteen","frisco_second_night_disc_1","hungry_heart","20","bruce_springsteen/frisco_second_night_disc_1/20-hungry_heart.mp3"
"bruce_springsteen","frisco_second_night_disc_1","rendezvous","31","bruce_springsteen/frisco_second_night_disc_1/31-rendezvous.mp3"
"bruce_springsteen","rising","into_the_fire","2","bruce_springsteen/rising/02-into_the_fire.mp3"
"bruce_springsteen","rising","rising","13","bruce_springsteen/rising/13-rising.mp3"
"bruce_springsteen","frisco_second_night_disc_1","point_blank","8","bruce_springsteen/frisco_second_night_disc_1/08-point_blank.mp3"
"bruce_springsteen","frisco_second_night_disc_1","prove_it_all_night","2","bruce_springsteen/frisco_second_night_disc_1/02-prove_it_all_night.mp3"
"bruce_springsteen","rising","mary_s_place","11","bruce_springsteen/rising/11-mary_s_place.mp3"
"cake","comfort_eagle","arco_arena","6","cake/comfort_eagle/06-arco_arena.mp3"
"cake","comfort_eagle","love_you_madly","9","cake/comfort_eagle/09-love_you_madly.mp3"
"cake","comfort_eagle","opera_singer","1","cake/comfort_eagle/01-opera_singer.mp3"
"cake","comfort_eagle","short_skirt_long_jacket","4","cake/comfort_eagle/04-short_skirt_long_jacket.mp3"
"cake","comfort_eagle","long_line_of_cars","8","cake/comfort_eagle/08-long_line_of_cars.mp3"
"cake","comfort_eagle","pretty_pink_ribbon","10","cake/comfort_eagle/10-pretty_pink_ribbon.mp3"
"cake","comfort_eagle","meanwhile_rick_james","2","cake/comfort_eagle/02-meanwhile_rick_james.mp3"
"carly_simon","film_noir","lili_marlene","3","carly_simon/film_noir/03-lili_marlene.mp3"
"carly_simon","christmas_is_almost_here","twelve_gates_to_the_city","5","carly_simon/christmas_is_almost_here/05-twelve_gates_to_the_city.mp3"
"carly_simon","film_noir","somewhere_in_the_night","12","carly_simon/film_noir/12-somewhere_in_the_night.mp3"
"carly_simon","christmas_is_almost_here","pretty_paper","9","carly_simon/christmas_is_almost_here/09-pretty_paper.mp3"
"carly_simon","film_noir","film_noir","6","carly_simon/film_noir/06-film_noir.mp3"
"carly_simon","christmas_is_almost_here","land_of_christmas_mary","3","carly_simon/christmas_is_almost_here/03-land_of_christmas_mary.mp3"
"carly_simon","film_noir","two_sleepy_people","10","carly_simon/film_noir/10-two_sleepy_people.mp3"
"chemical_brothers","surrender","sunshine_underground","6","chemical_brothers/surrender/06-sunshine_underground.mp3"
"chemical_brothers","dig_your_own_hole","it_doesn_t_matter","6","chemical_brothers/dig_your_own_hole/06-it_doesn_t_matter.mp3"
"chemical_brothers","surrender","surrender","10","chemical_brothers/surrender/10-surrender.mp3"
"chemical_brothers","it_began_in_africa_single_cd","it_began_in_africa_edit_chemical_brothers","1","chemical_brothers/it_began_in_africa_single_cd/01-it_began_in_africa_edit_chemical_brothers.mp3"
"chemical_brothers","come_with_us","pioneer_skies","9","chemical_brothers/come_with_us/09-pioneer_skies.mp3"
"chemical_brothers","surrender","asleep_from_day","7","chemical_brothers/surrender/07-asleep_from_day.mp3"
"chemical_brothers","surrender","hey_boy_hey_girl","9","chemical_brothers/surrender/09-hey_boy_hey_girl.mp3"
"cher","greatest_hits","dov_lamore","19","cher/greatest_hits/19-dov_lamore.mp3"
"cher","living_proof","music_s_no_good_without_you","1","cher/living_proof/01-music_s_no_good_without_you.mp3"
"cher","living_proof","song_for_the_lonely","3","cher/living_proof/03-song_for_the_lonely.mp3"
"cher","greatest_hits","love_hurts","6","cher/greatest_hits/06-love_hurts.mp3"
"cher","greatest_hits","believe","1","cher/greatest_hits/01-believe.mp3"
"cher","living_proof","alive_again","2","cher/living_proof/02-alive_again.mp3"
"cher","living_proof","real_love","9","cher/living_proof/09-real_love.mp3"
"chris_isaak","always_got_tonight","life_will_go_on","5","chris_isaak/always_got_tonight/05-life_will_go_on.mp3"
"chris_isaak","always_got_tonight","always_got_tonight","6","chris_isaak/always_got_tonight/06-always_got_tonight.mp3"
"chris_isaak","always_got_tonight","let_me_down_easy","2","chris_isaak/always_got_tonight/02-let_me_down_easy.mp3"
"chris_isaak","always_got_tonight","courthouse","4","chris_isaak/always_got_tonight/04-courthouse.mp3"
"chris_isaak","always_got_tonight","worked_it_out_wrong","3","chris_isaak/always_got_tonight/03-worked_it_out_wrong.mp3"
"chris_isaak","always_got_tonight","american_boy","10","chris_isaak/always_got_tonight/10-american_boy.mp3"
"chris_isaak","always_got_tonight","one_day","1","chris_isaak/always_got_tonight/01-one_day.mp3"
"christina_aguilera","stripped","get_mine_get_yours","15","christina_aguilera/stripped/15-get_mine_get_yours.mp3"
"christina_aguilera","stripped","primer_amor_interlude","5","christina_aguilera/stripped/05-primer_amor_interlude.mp3"
"christina_aguilera","stripped","stripped_pt_2","17","christina_aguilera/stripped/17-stripped_pt_2.mp3"
"christina_aguilera","stripped","loves_embrace_interlude","7","christina_aguilera/stripped/07-loves_embrace_interlude.mp3"
"christina_aguilera","stripped","voice_within","18","christina_aguilera/stripped/18-voice_within.mp3"
"christina_aguilera","stripped","walk_away","3","christina_aguilera/stripped/03-walk_away.mp3"
"christina_aguilera","christina_aguilera","what_a_girl_wants","2","christina_aguilera/christina_aguilera/02-what_a_girl_wants.mp3"
"coldplay","rush_of_blood_to_the_head","whisper","9","coldplay/rush_of_blood_to_the_head/09-whisper.mp3"
"coldplay","parachutes","yellow","5","coldplay/parachutes/05-yellow.mp3"
"coldplay","parachutes","high_speed","8","coldplay/parachutes/08-high_speed.mp3"
"coldplay","parachutes","trouble","6","coldplay/parachutes/06-trouble.mp3"
"coldplay","rush_of_blood_to_the_head","in_my_place","2","coldplay/rush_of_blood_to_the_head/02-in_my_place.mp3"
"coldplay","parachutes","parachutes","7","coldplay/parachutes/07-parachutes.mp3"
"coldplay","rush_of_blood_to_the_head","rush_of_blood_to_the_head","10","coldplay/rush_of_blood_to_the_head/10-rush_of_blood_to_the_head.mp3"
"craig_david","slicker_than_your_average","2_steps_back","10","craig_david/slicker_than_your_average/10-2_steps_back.mp3"
"craig_david","slicker_than_your_average","rise_fall_feat_sting","7","craig_david/slicker_than_your_average/07-rise_fall_feat_sting.mp3"
"craig_david","slicker_than_your_average","personal","8","craig_david/slicker_than_your_average/08-personal.mp3"
"craig_david","slicker_than_your_average","spanish","11","craig_david/slicker_than_your_average/11-spanish.mp3"
"craig_david","born_to_do_it","once_in_a_lifetime","10","craig_david/born_to_do_it/10-once_in_a_lifetime.mp3"
"craig_david","greatest_r_and_b_hits_vol_3","fill_me_in","3","craig_david/greatest_r_and_b_hits_vol_3/03-fill_me_in.mp3"
"craig_david","slicker_than_your_average","you_dont_miss_your_water_til_the_well_runs_dry","6","craig_david/slicker_than_your_average/06-you_dont_miss_your_water_til_the_well_runs_dry.mp3"
"cranberries","stars_the_best_of_19922002","stars","20","cranberries/stars_the_best_of_19922002/20-stars.mp3"
"cranberries","loud_and_clear_limited_edition","promises_99","3","cranberries/loud_and_clear_limited_edition/03-promises_99.mp3"
"cranberries","stars_the_best_of_19922002_live_cd","zombie","1","cranberries/stars_the_best_of_19922002_live_cd/01-zombie.mp3"
"cranberries","stars_the_best_of_19922002","ode_to_my_family","4","cranberries/stars_the_best_of_19922002/04-ode_to_my_family.mp3"
"cranberries","wake_up_and_smell_the_coffee","every_morning","10","cranberries/wake_up_and_smell_the_coffee/10-every_morning.mp3"
"cranberries","wake_up_and_smell_the_coffee","pretty_eyes","8","cranberries/wake_up_and_smell_the_coffee/08-pretty_eyes.mp3"
"cranberries","stars_the_best_of_19922002","animal_instinct","12","cranberries/stars_the_best_of_19922002/12-animal_instinct.mp3"
"cure","greatest_hits_limited_edition","love_song_acoustic","11","cure/greatest_hits_limited_edition/11-love_song_acoustic.mp3"
"cure","galore","why_can_t_i_be_you","1","cure/galore/01-why_can_t_i_be_you.mp3"
"cure","greatest_hits_limited_edition","let_s_go_to_bed","3","cure/greatest_hits_limited_edition/03-let_s_go_to_bed.mp3"
"cure","greatest_hits_limited_edition","cut_here","17","cure/greatest_hits_limited_edition/17-cut_here.mp3"
"cure","galore","lovesong","7","cure/galore/07-lovesong.mp3"
"cure","greatest_hits_limited_edition","mint_car_acoustic","15","cure/greatest_hits_limited_edition/15-mint_car_acoustic.mp3"
"cure","galore","just_like_heaven","3","cure/galore/03-just_like_heaven.mp3"
"daft_punk","discovery","digital_love_feat_dj_sneak","3","daft_punk/discovery/03-digital_love_feat_dj_sneak.mp3"
"daft_punk","discovery","nightvision","6","daft_punk/discovery/06-nightvision.mp3"
"daft_punk","homework","funk_ad","16","daft_punk/homework/16-funk_ad.mp3"
"daft_punk","homework","burnin","13","daft_punk/homework/13-burnin.mp3"
"daft_punk","homework","revolution_909","3","daft_punk/homework/03-revolution_909.mp3"
"daft_punk","discovery","one_more_time_feat_romanthony","1","daft_punk/discovery/01-one_more_time_feat_romanthony.mp3"
"daft_punk","discovery","crescendolls","5","daft_punk/discovery/05-crescendolls.mp3"
"david_bowie","best_of_bowie","tvc15","18","david_bowie/best_of_bowie/18-tvc15.mp3"
"david_bowie","best_of_bowie","life_on_mars","5","david_bowie/best_of_bowie/05-life_on_mars.mp3"
"david_bowie","heathen","everyone_says_hi","10","david_bowie/heathen/10-everyone_says_hi.mp3"
"david_bowie","best_of_bowie","rebel_rebel","7","david_bowie/best_of_bowie/07-rebel_rebel.mp3"
"david_bowie","best_of_bowie","changes","4","david_bowie/best_of_bowie/04-changes.mp3"
"david_bowie","heathen","panic_in_detroit","4","david_bowie/heathen/04-panic_in_detroit.mp3"
"david_bowie","heathen","heathen_the_rays","12","david_bowie/heathen/12-heathen_the_rays.mp3"
"deftones","deftones","hexagram","1","deftones/deftones/01-hexagram.mp3"
"deftones","deftones","good_morning_beautiful","4","deftones/deftones/04-good_morning_beautiful.mp3"
"deftones","deftones","deathblow","5","deftones/deftones/05-deathblow.mp3"
"deftones","deftones","anniversary_of_an_uninteresting_event","10","deftones/deftones/10-anniversary_of_an_uninteresting_event.mp3"
"deftones","deftones","bloody_cape","9","deftones/deftones/09-bloody_cape.mp3"
"deftones","deftones","battle_axe","7","deftones/deftones/07-battle_axe.mp3"
"deftones","deftones","needles_and_pins","2","deftones/deftones/02-needles_and_pins.mp3"
"depeche_mode","dream_on_mixes","easy_tiger_full_version","2","depeche_mode/dream_on_mixes/02-easy_tiger_full_version.mp3"
"depeche_mode","exciter","dead_of_night","5","depeche_mode/exciter/05-dead_of_night.mp3"
"depeche_mode","singles_81_85","just_can_t_get_enough","3","depeche_mode/singles_81_85/03-just_can_t_get_enough.mp3"
"depeche_mode","dream_on_mixes","pink_noize_club_mix","12","depeche_mode/dream_on_mixes/12-pink_noize_club_mix.mp3"
"depeche_mode","ultra","barrel_of_a_gun","1","depeche_mode/ultra/01-barrel_of_a_gun.mp3"
"depeche_mode","dream_on_mixes","bushwacka_tough_guy_vocal_mix","9","depeche_mode/dream_on_mixes/09-bushwacka_tough_guy_vocal_mix.mp3"
"depeche_mode","singles_81_85","blasphemous_rumours","12","depeche_mode/singles_81_85/12-blasphemous_rumours.mp3"
"dido","no_angel","here_with_me","1","dido/no_angel/01-here_with_me.mp3"
"dido","no_angel","thank_you","6","dido/no_angel/06-thank_you.mp3"
"dido","no_angel","hunter_mj_cole_remix","3","dido/no_angel/03-hunter_mj_cole_remix.mp3"
"dido","no_angel","don_t_think_of_me","3","dido/no_angel/03-don_t_think_of_me.mp3"
"dido","no_angel","my_life","11","dido/no_angel/11-my_life.mp3"
"dido","no_angel","take_my_hand","12","dido/no_angel/12-take_my_hand.mp3"
"dido","no_angel","thank_you_deep_dish_mix","2","dido/no_angel/02-thank_you_deep_dish_mix.mp3"
"dire_straits","sultans_of_swing_the_very_best_of_dire_straits","so_far_away","8","dire_straits/sultans_of_swing_the_very_best_of_dire_straits/08-so_far_away.mp3"
"dire_straits","on_the_night","brothers_in_arms","10","dire_straits/on_the_night/10-brothers_in_arms.mp3"
"dire_straits","sultans_of_swing_the_very_best_of_dire_straits","romeo_and_juliet","3","dire_straits/sultans_of_swing_the_very_best_of_dire_straits/03-romeo_and_juliet.mp3"
"dire_straits","sultans_of_swing_the_very_best_of_dire_straits","on_every_street","14","dire_straits/sultans_of_swing_the_very_best_of_dire_straits/14-on_every_street.mp3"
"dire_straits","sultans_of_swing_the_very_best_of_dire_straits","heavy_fuel","13","dire_straits/sultans_of_swing_the_very_best_of_dire_straits/13-heavy_fuel.mp3"
"dire_straits","making_movies","les_boys","7","dire_straits/making_movies/07-les_boys.mp3"
"dire_straits","greatest_guitar_hits_of_di","once_upon_a_time_in_the_west","5","dire_straits/greatest_guitar_hits_of_di/05-once_upon_a_time_in_the_west.mp3"
"eiffel_65","contact","crazy","6","eiffel_65/contact/06-crazy.mp3"
"eiffel_65","contact","80_s_stars","18","eiffel_65/contact/18-80_s_stars.mp3"
"eiffel_65","contact","king_of_lullaby","4","eiffel_65/contact/04-king_of_lullaby.mp3"
"eiffel_65","contact","i_dj_with_the_fire","5","eiffel_65/contact/05-i_dj_with_the_fire.mp3"
"eiffel_65","radio_disney_jams_vol_4","blue","6","eiffel_65/radio_disney_jams_vol_4/06-blue.mp3"
"eiffel_65","contact","one_goal","3","eiffel_65/contact/03-one_goal.mp3"
"eiffel_65","contact","world_in_the_world","17","eiffel_65/contact/17-world_in_the_world.mp3"
"elton_john","songs_from_the_west_coast","mansfield","11","elton_john/songs_from_the_west_coast/11-mansfield.mp3"
"elton_john","very_best_of_cd_12","candle_in_the_wind","8","elton_john/very_best_of_cd_12/08-candle_in_the_wind.mp3"
"elton_john","songs_from_the_west_coast","look_ma_no_hands","3","elton_john/songs_from_the_west_coast/03-look_ma_no_hands.mp3"
"elton_john","very_best_of_cd_12","philadelphia_freedom","11","elton_john/very_best_of_cd_12/11-philadelphia_freedom.mp3"
"elton_john","very_best_of_elton_john_disc_two","kiss_the_bride","9","elton_john/very_best_of_elton_john_disc_two/09-kiss_the_bride.mp3"
"elton_john","songs_from_the_west_coast","original_sin","5","elton_john/songs_from_the_west_coast/05-original_sin.mp3"
"elton_john","west_coast_songs_special_edition","snippets_taken_from_the_new_album","2","elton_john/west_coast_songs_special_edition/02-snippets_taken_from_the_new_album.mp3"
"enrique_iglesias","quizas","pienso_en_ti","6","enrique_iglesias/quizas/06-pienso_en_ti.mp3"
"enrique_iglesias","enrique","rhythm_divine","1","enrique_iglesias/enrique/01-rhythm_divine.mp3"
"enrique_iglesias","quizas","quizas","5","enrique_iglesias/quizas/05-quizas.mp3"
"enrique_iglesias","enrique","rhythm_divine_remix","14","enrique_iglesias/enrique/14-rhythm_divine_remix.mp3"
"enrique_iglesias","quizas","para_quela_vida","2","enrique_iglesias/quizas/02-para_quela_vida.mp3"
"enrique_iglesias","escape","escape","1","enrique_iglesias/escape/01-escape.mp3"
"enrique_iglesias","escape","she_be_the_one","9","enrique_iglesias/escape/09-she_be_the_one.mp3"
"enya","pure_moods_iii","only_if","1","enya/pure_moods_iii/01-only_if.mp3"
"enya","only_time_the_collection","lazy_days","48","enya/only_time_the_collection/48-lazy_days.mp3"
"enya","only_time_the_collection","may_it_be","49","enya/only_time_the_collection/49-may_it_be.mp3"
"enya","day_without_rain","wild_child","2","enya/day_without_rain/02-wild_child.mp3"
"enya","only_time_the_collection","tea_house_moon","33","enya/only_time_the_collection/33-tea_house_moon.mp3"
"enya","only_time_the_collection","afer_ventus","25","enya/only_time_the_collection/25-afer_ventus.mp3"
"enya","only_time_the_collection","exile","2","enya/only_time_the_collection/02-exile.mp3"
"faith_hill","cry","if_youre_gonna_fly_away","8","faith_hill/cry/08-if_youre_gonna_fly_away.mp3"
"faith_hill","cry","baby_you_belong","7","faith_hill/cry/07-baby_you_belong.mp3"
"faith_hill","cry","one","3","faith_hill/cry/03-one.mp3"
"faith_hill","cry","this_is_me","11","faith_hill/cry/11-this_is_me.mp3"
"faith_hill","cry","unsaveable","6","faith_hill/cry/06-unsaveable.mp3"
"faith_hill","cry","cry","2","faith_hill/cry/02-cry.mp3"
"faith_hill","cry","free","1","faith_hill/cry/01-free.mp3"
"fatboy_slim","halfway_between_the_gutter_and_the_stars","demons","10","fatboy_slim/halfway_between_the_gutter_and_the_stars/10-demons.mp3"
"fatboy_slim","halfway_between_the_gutter_and_the_stars","mad_flava","6","fatboy_slim/halfway_between_the_gutter_and_the_stars/06-mad_flava.mp3"
"fatboy_slim","halfway_between_the_gutter_and_the_stars","song_for_shelter","11","fatboy_slim/halfway_between_the_gutter_and_the_stars/11-song_for_shelter.mp3"
"fatboy_slim","halfway_between_the_gutter_and_the_stars","retox","7","fatboy_slim/halfway_between_the_gutter_and_the_stars/07-retox.mp3"
"fatboy_slim","halfway_between_the_gutter_and_the_stars","star_69","2","fatboy_slim/halfway_between_the_gutter_and_the_stars/02-star_69.mp3"
"fatboy_slim","halfway_between_the_gutter_and_the_stars","yamama","5","fatboy_slim/halfway_between_the_gutter_and_the_stars/05-yamama.mp3"
"fatboy_slim","classical_chillout_album_volume_2_cd_1","praise_you","13","fatboy_slim/classical_chillout_album_volume_2_cd_1/13-praise_you.mp3"
"fleetwood_mac","say_you_will","red_rover","6","fleetwood_mac/say_you_will/06-red_rover.mp3"
"fleetwood_mac","say_you_will","miranda","5","fleetwood_mac/say_you_will/05-miranda.mp3"
"fleetwood_mac","say_you_will","destiny_rules","16","fleetwood_mac/say_you_will/16-destiny_rules.mp3"
"fleetwood_mac","say_you_will","say_goodbye","17","fleetwood_mac/say_you_will/17-say_goodbye.mp3"
"fleetwood_mac","say_you_will","bleed_to_love_her","14","fleetwood_mac/say_you_will/14-bleed_to_love_her.mp3"
"fleetwood_mac","say_you_will","silver_girl","12","fleetwood_mac/say_you_will/12-silver_girl.mp3"
"fleetwood_mac","say_you_will","steal_your_heart_away","13","fleetwood_mac/say_you_will/13-steal_your_heart_away.mp3"
"foo_fighters","one_by_one","low","2","foo_fighters/one_by_one/02-low.mp3"
"foo_fighters","unplugged_more","ain_t_it_the_life","5","foo_fighters/unplugged_more/05-ain_t_it_the_life.mp3"
"foo_fighters","unplugged_more","learn_to_fly","11","foo_fighters/unplugged_more/11-learn_to_fly.mp3"
"foo_fighters","unplugged_more","floaty","10","foo_fighters/unplugged_more/10-floaty.mp3"
"foo_fighters","one_by_one","lonely_as_you","8","foo_fighters/one_by_one/08-lonely_as_you.mp3"
"foo_fighters","unplugged_more","breakout","2","foo_fighters/unplugged_more/02-breakout.mp3"
"foo_fighters","one_by_one","have_it_all","3","foo_fighters/one_by_one/03-have_it_all.mp3"
"frank_sinatra","my_way_the_best","mack_the_knife","22","frank_sinatra/my_way_the_best/22-mack_the_knife.mp3"
"frank_sinatra","sinatra_in_hollywood_1940_196","bewitched_bothered_and_bewilde","138","frank_sinatra/sinatra_in_hollywood_1940_196/138-bewitched_bothered_and_bewilde.mp3"
"frank_sinatra","sinatra_in_hollywood_1940_196","man_with_the_golden_arm","117","frank_sinatra/sinatra_in_hollywood_1940_196/117-man_with_the_golden_arm.mp3"
"frank_sinatra","sinatra_in_hollywood_1940_196","all_the_way_parody","131","frank_sinatra/sinatra_in_hollywood_1940_196/131-all_the_way_parody.mp3"
"frank_sinatra","golden_years","i_have_but_one_heart","16","frank_sinatra/golden_years/16-i_have_but_one_heart.mp3"
"frank_sinatra","golden_years","coffee_song","17","frank_sinatra/golden_years/17-coffee_song.mp3"
"frank_sinatra","sinatra_in_hollywood_1940_196","finale_i_saw_you_frist_a_lovel","17","frank_sinatra/sinatra_in_hollywood_1940_196/17-finale_i_saw_you_frist_a_lovel.mp3"
"fugees","score","zealots","4","fugees/score/04-zealots.mp3"
"fugees","score","mask","10","fugees/score/10-mask.mp3"
"fugees","score","manifestoutro","13","fugees/score/13-manifestoutro.mp3"
"fugees","score","mista_mista","16","fugees/score/16-mista_mista.mp3"
"fugees","score","no_woman_no_cry","12","fugees/score/12-no_woman_no_cry.mp3"
"fugees","score","score","9","fugees/score/09-score.mp3"
"fugees","score","killing_me_softly","8","fugees/score/08-killing_me_softly.mp3"
"garbage","beautiful_garbage","nobody_loves_you","11","garbage/beautiful_garbage/11-nobody_loves_you.mp3"
"garbage","beautiful_garbage","cup_of_coffee","5","garbage/beautiful_garbage/05-cup_of_coffee.mp3"
"garbage","beautiful_garbage","silence_is_golden","6","garbage/beautiful_garbage/06-silence_is_golden.mp3"
"garbage","beautiful_garbage","parade","10","garbage/beautiful_garbage/10-parade.mp3"
"garbage","beautiful_garbage","can_t_cry_these_tears","3","garbage/beautiful_garbage/03-can_t_cry_these_tears.mp3"
"garbage","beautiful_garbage","breaking_up_the_girl","8","garbage/beautiful_garbage/08-breaking_up_the_girl.mp3"
"garbage","beautiful_garbage","androgyny","2","garbage/beautiful_garbage/02-androgyny.mp3"
"genesis","invisible_touch","brazillian","8","genesis/invisible_touch/08-brazillian.mp3"
"genesis","we_cant_dance","dreaming_while_you_sleep","6","genesis/we_cant_dance/06-dreaming_while_you_sleep.mp3"
"genesis","invisible_touch","in_too_deep","4","genesis/invisible_touch/04-in_too_deep.mp3"
"genesis","we_cant_dance","never_a_time","5","genesis/we_cant_dance/05-never_a_time.mp3"
"genesis","invisible_touch","anything_she_does","5","genesis/invisible_touch/05-anything_she_does.mp3"
"genesis","we_cant_dance","way_of_the_world","10","genesis/we_cant_dance/10-way_of_the_world.mp3"
"genesis","we_cant_dance","tell_me_why","7","genesis/we_cant_dance/07-tell_me_why.mp3"
"goo_goo_dolls","dizzy_up_the_girl","dizzy","1","goo_goo_dolls/dizzy_up_the_girl/01-dizzy.mp3"
"goo_goo_dolls","dizzy_up_the_girl","all_eyes_on_me","8","goo_goo_dolls/dizzy_up_the_girl/08-all_eyes_on_me.mp3"
"goo_goo_dolls","dizzy_up_the_girl","acoustic_3","10","goo_goo_dolls/dizzy_up_the_girl/10-acoustic_3.mp3"
"goo_goo_dolls","dizzy_up_the_girl","bullet_proof","6","goo_goo_dolls/dizzy_up_the_girl/06-bullet_proof.mp3"
"goo_goo_dolls","dizzy_up_the_girl","full_forever","9","goo_goo_dolls/dizzy_up_the_girl/09-full_forever.mp3"
"goo_goo_dolls","dizzy_up_the_girl","name","14","goo_goo_dolls/dizzy_up_the_girl/14-name.mp3"
"goo_goo_dolls","dizzy_up_the_girl","slide","2","goo_goo_dolls/dizzy_up_the_girl/02-slide.mp3"
"gorillaz","gorillaz","man_researchclapper","6","gorillaz/gorillaz/06-man_researchclapper.mp3"
"gorillaz","gorillaz","new_geniousbrother","4","gorillaz/gorillaz/04-new_geniousbrother.mp3"
"gorillaz","gorillaz","slow_coutry","14","gorillaz/gorillaz/14-slow_coutry.mp3"
"gorillaz","gorillaz","punk","7","gorillaz/gorillaz/07-punk.mp3"
"gorillaz","gorillaz","latin_simone","12","gorillaz/gorillaz/12-latin_simone.mp3"
"gorillaz","gorillaz","man_research","6","gorillaz/gorillaz/06-man_research.mp3"
"gorillaz","gorillaz","clint_eastwood","5","gorillaz/gorillaz/05-clint_eastwood.mp3"
"incubus","make_yourself_bonus_cd_2","stellar_acoustic","2","incubus/make_yourself_bonus_cd_2/02-stellar_acoustic.mp3"
"incubus","make_yourself_bonus_cd_2","drive_live_version","4","incubus/make_yourself_bonus_cd_2/04-drive_live_version.mp3"
"incubus","make_yourself","warmth","4","incubus/make_yourself/04-warmth.mp3"
"incubus","make_yourself","make_yourself","7","incubus/make_yourself/07-make_yourself.mp3"
"incubus","make_yourself_bonus_cd_2","pardon_me_acoustic","1","incubus/make_yourself_bonus_cd_2/01-pardon_me_acoustic.mp3"
"incubus","make_yourself","pardon_me","12","incubus/make_yourself/12-pardon_me.mp3"
"incubus","make_yourself","nowhere_fast","2","incubus/make_yourself/02-nowhere_fast.mp3"
"jamiroquai","travelling_without_moving","cosmic_girl","2","jamiroquai/travelling_without_moving/02-cosmic_girl.mp3"
"jamiroquai","little_l","little_l_boris_dlugosch_mix","4","jamiroquai/little_l/04-little_l_boris_dlugosch_mix.mp3"
"jamiroquai","travelling_without_moving","high_times","6","jamiroquai/travelling_without_moving/06-high_times.mp3"
"jamiroquai","funk_odyssey","do_it_like_we_used_to_do","11","jamiroquai/funk_odyssey/11-do_it_like_we_used_to_do.mp3"
"jamiroquai","funk_odyssey","black_crow","7","jamiroquai/funk_odyssey/07-black_crow.mp3"
"jamiroquai","travelling_without_moving","use_the_force","3","jamiroquai/travelling_without_moving/03-use_the_force.mp3"
"jamiroquai","travelling_without_moving","spend_a_lifetime","12","jamiroquai/travelling_without_moving/12-spend_a_lifetime.mp3"
"jennifer_paige","positively_somewhere","you_get_through","7","jennifer_paige/positively_somewhere/07-you_get_through.mp3"
"jennifer_paige","positively_somewhere","make_me","4","jennifer_paige/positively_somewhere/04-make_me.mp3"
"jennifer_paige","positively_somewhere","tell_me_when","10","jennifer_paige/positively_somewhere/10-tell_me_when.mp3"
"jennifer_paige","positively_somewhere","stay_the_night","11","jennifer_paige/positively_somewhere/11-stay_the_night.mp3"
"jennifer_paige","positively_somewhere","stranded","3","jennifer_paige/positively_somewhere/03-stranded.mp3"
"jennifer_paige","positively_somewhere","not_this_time","6","jennifer_paige/positively_somewhere/06-not_this_time.mp3"
"jennifer_paige","positively_somewhere","edge","9","jennifer_paige/positively_somewhere/09-edge.mp3"
"jessica_simpson","sweet_kisses","heart_of_innocence","11","jessica_simpson/sweet_kisses/11-heart_of_innocence.mp3"
"jessica_simpson","sweet_kisses","final_heartbreak","4","jessica_simpson/sweet_kisses/04-final_heartbreak.mp3"
"jessica_simpson","sweet_kisses","my_wonderful","8","jessica_simpson/sweet_kisses/08-my_wonderful.mp3"
"jessica_simpson","sweet_kisses","woman_in_me_feat_destinys_child","5","jessica_simpson/sweet_kisses/05-woman_in_me_feat_destinys_child.mp3"
"jessica_simpson","sweet_kisses","you_dont_know_what_love_is","12","jessica_simpson/sweet_kisses/12-you_dont_know_what_love_is.mp3"
"jessica_simpson","sweet_kisses","your_faith_in_me","10","jessica_simpson/sweet_kisses/10-your_faith_in_me.mp3"
"jessica_simpson","sweet_kisses","ive_got_my_eyes_on_you","6","jessica_simpson/sweet_kisses/06-ive_got_my_eyes_on_you.mp3"
"joe_cocker","across_from_midnight","thats_the_way_her_love_is","11","joe_cocker/across_from_midnight/11-thats_the_way_her_love_is.mp3"
"joe_cocker","definitive_collection","many_rivers_to_cross","12","joe_cocker/definitive_collection/12-many_rivers_to_cross.mp3"
"joe_cocker","definitive_collection","she_came_in_through_the_bathro","3","joe_cocker/definitive_collection/03-she_came_in_through_the_bathro.mp3"
"joe_cocker","across_from_midnight","thats_all_i_need_to_know","3","joe_cocker/across_from_midnight/03-thats_all_i_need_to_know.mp3"
"joe_cocker","definitive_collection","up_where_we_belong_with_jenni","13","joe_cocker/definitive_collection/13-up_where_we_belong_with_jenni.mp3"
"joe_cocker","definitive_collection","hitchcock_railway","6","joe_cocker/definitive_collection/06-hitchcock_railway.mp3"
"joe_cocker","definitive_collection","you_are_so_beautiful","18","joe_cocker/definitive_collection/18-you_are_so_beautiful.mp3"
"korn","korn","ball_tongue","2","korn/korn/02-ball_tongue.mp3"
"korn","korn","faget","6","korn/korn/06-faget.mp3"
"korn","korn","divine","5","korn/korn/05-divine.mp3"
"korn","korn","daddy","12","korn/korn/12-daddy.mp3"
"korn","korn","clown","4","korn/korn/04-clown.mp3"
"korn","korn","shoots_and_ladders","7","korn/korn/07-shoots_and_ladders.mp3"
"korn","korn","fake","9","korn/korn/09-fake.mp3"
"leann_rimes","twisted_angel","no_way_out","10","leann_rimes/twisted_angel/10-no_way_out.mp3"
"leann_rimes","twisted_angel","twisted_angel","13","leann_rimes/twisted_angel/13-twisted_angel.mp3"
"leann_rimes","twisted_angel","safest_place","3","leann_rimes/twisted_angel/03-safest_place.mp3"
"leann_rimes","twisted_angel","sign_of_life","8","leann_rimes/twisted_angel/08-sign_of_life.mp3"
"leann_rimes","twisted_angel","damn","5","leann_rimes/twisted_angel/05-damn.mp3"
"leann_rimes","twisted_angel","wound_up","2","leann_rimes/twisted_angel/02-wound_up.mp3"
"leann_rimes","twisted_angel","trouble_with_goodbye","4","leann_rimes/twisted_angel/04-trouble_with_goodbye.mp3"
"led_zeppelin","remasters_cd_1","dazed_and_confused","4","led_zeppelin/remasters_cd_1/04-dazed_and_confused.mp3"
"led_zeppelin","iii","that_s_the_way","8","led_zeppelin/iii/08-that_s_the_way.mp3"
"led_zeppelin","remasters_cd_1","immigrant_song","8","led_zeppelin/remasters_cd_1/08-immigrant_song.mp3"
"led_zeppelin","early_days_latter_days","since_i_ve_been_loving_you","8","led_zeppelin/early_days_latter_days/08-since_i_ve_been_loving_you.mp3"
"led_zeppelin","early_days_latter_days","kashmir","5","led_zeppelin/early_days_latter_days/05-kashmir.mp3"
"led_zeppelin","presence","hots_on_for_nowhere","6","led_zeppelin/presence/06-hots_on_for_nowhere.mp3"
"led_zeppelin","remasters_cd_1","whole_lotta_love","5","led_zeppelin/remasters_cd_1/05-whole_lotta_love.mp3"
"lenny_kravitz","lenny","you_were_in_my_heart","10","lenny_kravitz/lenny/10-you_were_in_my_heart.mp3"
"lenny_kravitz","lenny","believe_in_me","5","lenny_kravitz/lenny/05-believe_in_me.mp3"
"lenny_kravitz","lenny","if_i_could_fall_in_love","2","lenny_kravitz/lenny/02-if_i_could_fall_in_love.mp3"
"lenny_kravitz","again_ep","fly_away_live","2","lenny_kravitz/again_ep/02-fly_away_live.mp3"
"lenny_kravitz","lenny","let_s_get_high","12","lenny_kravitz/lenny/12-let_s_get_high.mp3"
"lenny_kravitz","lenny","yesterday_is_gone","3","lenny_kravitz/lenny/03-yesterday_is_gone.mp3"
"lenny_kravitz","lenny","dig_in","9","lenny_kravitz/lenny/09-dig_in.mp3"
"linkin_park","reanimation","frgt10_alchemist_feat_chali_2na","5","linkin_park/reanimation/05-frgt10_alchemist_feat_chali_2na.mp3"
"linkin_park","reanimation","h_vltg3_evidence_feat_pharoahe_monch_dj_babu","9","linkin_park/reanimation/09-h_vltg3_evidence_feat_pharoahe_monch_dj_babu.mp3"
"linkin_park","reanimation","p5hng_me_away_mike_shinoda_feat_stephen_richards","6","linkin_park/reanimation/06-p5hng_me_away_mike_shinoda_feat_stephen_richards.mp3"
"linkin_park","reanimation","riff_raff","10","linkin_park/reanimation/10-riff_raff.mp3"
"linkin_park","hybrid_theory","place_for_my_head","9","linkin_park/hybrid_theory/09-place_for_my_head.mp3"
"linkin_park","coca_cola_hits_2003","numb","5","linkin_park/coca_cola_hits_2003/05-numb.mp3"
"linkin_park","hybrid_theory","in_the_end","8","linkin_park/hybrid_theory/08-in_the_end.mp3"
"lionel_richie","renaissance","dance_the_night_away","4","lionel_richie/renaissance/04-dance_the_night_away.mp3"
"lionel_richie","renaissance","how_long","6","lionel_richie/renaissance/06-how_long.mp3"
"lionel_richie","renaissance","dont_stop_the_music","12","lionel_richie/renaissance/12-dont_stop_the_music.mp3"
"lionel_richie","renaissance","piece_of_my_heart","9","lionel_richie/renaissance/09-piece_of_my_heart.mp3"
"lionel_richie","renaissance","angel_boogieman_remixextended","13","lionel_richie/renaissance/13-angel_boogieman_remixextended.mp3"
"lionel_richie","renaissance","dont_you_ever_go_away","7","lionel_richie/renaissance/07-dont_you_ever_go_away.mp3"
"lionel_richie","renaissance","wasted_time","8","lionel_richie/renaissance/08-wasted_time.mp3"
"madonna","ray_of_light","little_star","12","madonna/ray_of_light/12-little_star.mp3"
"madonna","ray_of_light","power_of_goodbye","10","madonna/ray_of_light/10-power_of_goodbye.mp3"
"madonna","die_another_day","die_another_day_dirty_vegas_main_mix","2","madonna/die_another_day/02-die_another_day_dirty_vegas_main_mix.mp3"
"madonna","die_another_day","die_another_day_radio_edit","1","madonna/die_another_day/01-die_another_day_radio_edit.mp3"
"madonna","ray_of_light","drowned_world_substitute_for_love","1","madonna/ray_of_light/01-drowned_world_substitute_for_love.mp3"
"madonna","ray_of_light","sky_fits_heaven","7","madonna/ray_of_light/07-sky_fits_heaven.mp3"
"madonna","ray_of_light","to_have_and_not_to_hold","11","madonna/ray_of_light/11-to_have_and_not_to_hold.mp3"
"marc_anthony","mended","i_swear","7","marc_anthony/mended/07-i_swear.mp3"
"marc_anthony","mended","tragedy","5","marc_anthony/mended/05-tragedy.mp3"
"marc_anthony","mended","i_need_you","14","marc_anthony/mended/14-i_need_you.mp3"
"marc_anthony","mended","give_me_a_reason","10","marc_anthony/mended/10-give_me_a_reason.mp3"
"marc_anthony","mended","i_need_you","4","marc_anthony/mended/04-i_need_you.mp3"
"marc_anthony","mended","dont_tell_me_its_love","8","marc_anthony/mended/08-dont_tell_me_its_love.mp3"
"marc_anthony","me_haces_falta","i_need_you","2","marc_anthony/me_haces_falta/02-i_need_you.mp3"
"mariah_carey","heartbreaker","against_all_odds_take_a_look_at_me_now","9","mariah_carey/heartbreaker/09-against_all_odds_take_a_look_at_me_now.mp3"
"mariah_carey","glitter","don_t_stop_funkin_4_jamaica_featuring_mystikal","5","mariah_carey/glitter/05-don_t_stop_funkin_4_jamaica_featuring_mystikal.mp3"
"mariah_carey","glitter","reflections_care_enough","7","mariah_carey/glitter/07-reflections_care_enough.mp3"
"mariah_carey","heartbreaker","heartbreaker_remix_feat_da_brat_missy_elliott","7","mariah_carey/heartbreaker/07-heartbreaker_remix_feat_da_brat_missy_elliott.mp3"
"mariah_carey","heartbreaker","bliss","3","mariah_carey/heartbreaker/03-bliss.mp3"
"mariah_carey","charmbracelet","you_got_me_feat_jay_z_and_free","5","mariah_carey/charmbracelet/05-you_got_me_feat_jay_z_and_free.mp3"
"mariah_carey","charmbracelet","yours","4","mariah_carey/charmbracelet/04-yours.mp3"
"mark_knopfler","sailing_to_philadelphia","sands_of_nevada","12","mark_knopfler/sailing_to_philadelphia/12-sands_of_nevada.mp3"
"mark_knopfler","ragpicker_s_dream_ltd_ed","old_pigweed","12","mark_knopfler/ragpicker_s_dream_ltd_ed/12-old_pigweed.mp3"
"mark_knopfler","chicago_2001_bootleg","pyroman","3","mark_knopfler/chicago_2001_bootleg/03-pyroman.mp3"
"mark_knopfler","ragpicker_s_dream_ltd_ed","devil_baby","2","mark_knopfler/ragpicker_s_dream_ltd_ed/02-devil_baby.mp3"
"mark_knopfler","ragpicker_s_dream_ltd_ed","coyote","9","mark_knopfler/ragpicker_s_dream_ltd_ed/09-coyote.mp3"
"mark_knopfler","shot_at_glory","say_too_much","6","mark_knopfler/shot_at_glory/06-say_too_much.mp3"
"mark_knopfler","sailing_to_philadelphia","speedway_at_nazareth","10","mark_knopfler/sailing_to_philadelphia/10-speedway_at_nazareth.mp3"
"melanie_c","northern_star","i_turn_to_you","4","melanie_c/northern_star/04-i_turn_to_you.mp3"
"melanie_c","northern_star","goin_down","3","melanie_c/northern_star/03-goin_down.mp3"
"melanie_c","northern_star","be_the_one","10","melanie_c/northern_star/10-be_the_one.mp3"
"melanie_c","northern_star","suddenly_monday","8","melanie_c/northern_star/08-suddenly_monday.mp3"
"melanie_c","northern_star","if_that_were_me","5","melanie_c/northern_star/05-if_that_were_me.mp3"
"melanie_c","northern_star","why","7","melanie_c/northern_star/07-why.mp3"
"melanie_c","northern_star","never_be_the_same_again","13","melanie_c/northern_star/13-never_be_the_same_again.mp3"
"michael_jackson","number_ones","black_or_white","12","michael_jackson/number_ones/12-black_or_white.mp3"
"michael_jackson","best_of_anthology_disc_1","dancing_machine","22","michael_jackson/best_of_anthology_disc_1/22-dancing_machine.mp3"
"michael_jackson","best_of_anthology_disc_1","greatest_show_on_earth","13","michael_jackson/best_of_anthology_disc_1/13-greatest_show_on_earth.mp3"
"michael_jackson","invincible","butterflies","7","michael_jackson/invincible/07-butterflies.mp3"
"michael_jackson","best_of_anthology_disc_1","with_a_child_s_heart","11","michael_jackson/best_of_anthology_disc_1/11-with_a_child_s_heart.mp3"
"michael_jackson","off_the_wall_w_bonus_tracks","voiceover_2","12","michael_jackson/off_the_wall_w_bonus_tracks/12-voiceover_2.mp3"
"michael_jackson","off_the_wall_w_bonus_tracks","it_s_the_falling_in_love","9","michael_jackson/off_the_wall_w_bonus_tracks/09-it_s_the_falling_in_love.mp3"
"mike_oldfield","tubular_bells_iii","jewel_in_the_crown","3","mike_oldfield/tubular_bells_iii/03-jewel_in_the_crown.mp3"
"mike_oldfield","tres_lunas","no_mans_land_reprise","13","mike_oldfield/tres_lunas/13-no_mans_land_reprise.mp3"
"mike_oldfield","tubular_bells_ii","sentinel","1","mike_oldfield/tubular_bells_ii/01-sentinel.mp3"
"mike_oldfield","tres_lunas","sirius","12","mike_oldfield/tres_lunas/12-sirius.mp3"
"mike_oldfield","tres_lunas","viper","5","mike_oldfield/tres_lunas/05-viper.mp3"
"mike_oldfield","platinum_cd1","mike_oldfield_the_song_of_the_sun","18","mike_oldfield/platinum_cd1/18-mike_oldfield_the_song_of_the_sun.mp3"
"mike_oldfield","tubular_bells_iii","watchful_eye","2","mike_oldfield/tubular_bells_iii/02-watchful_eye.mp3"
"miles_davis","cool_blues","night_in_tunisia","1","miles_davis/cool_blues/01-night_in_tunisia.mp3"
"miles_davis","cool_blues","ornithology","14","miles_davis/cool_blues/14-ornithology.mp3"
"miles_davis","from_bebop_to_cool_1947_1949","good_bait","13","miles_davis/from_bebop_to_cool_1947_1949/13-good_bait.mp3"
"miles_davis","from_bebop_to_cool_1947_1949","israel","11","miles_davis/from_bebop_to_cool_1947_1949/11-israel.mp3"
"miles_davis","at_newport_1958","fran_dance_live","4","miles_davis/at_newport_1958/04-fran_dance_live.mp3"
"miles_davis","at_newport_1958","theme_live","7","miles_davis/at_newport_1958/07-theme_live.mp3"
"miles_davis","cool_blues","my_old_flame","5","miles_davis/cool_blues/05-my_old_flame.mp3"
"moby","18_retail","at_least_we_tried","14","moby/18_retail/14-at_least_we_tried.mp3"
"moby","18_retail","look_back_in","16","moby/18_retail/16-look_back_in.mp3"
"moby","18_retail","jam_for_the_ladies","10","moby/18_retail/10-jam_for_the_ladies.mp3"
"moby","play","my_weakness","18","moby/play/18-my_weakness.mp3"
"moby","18_retail","18","12","moby/18_retail/12-18.mp3"
"moby","18_retail","rafters","17","moby/18_retail/17-rafters.mp3"
"moby","18_retail","signs_of_love","5","moby/18_retail/05-signs_of_love.mp3"
"morcheeba","parts_of_the_process","rome_wasn_t_built_in_a_day","11","morcheeba/parts_of_the_process/11-rome_wasn_t_built_in_a_day.mp3"
"morcheeba","parts_of_the_process","let_me_see","7","morcheeba/parts_of_the_process/07-let_me_see.mp3"
"morcheeba","who_can_you_trust","trigger_hippie","2","morcheeba/who_can_you_trust/02-trigger_hippie.mp3"
"morcheeba","otherwise_cdm","otherwise_uncut_radio_edit","4","morcheeba/otherwise_cdm/04-otherwise_uncut_radio_edit.mp3"
"morcheeba","charango","women_lose_weight_feat_slick","9","morcheeba/charango/09-women_lose_weight_feat_slick.mp3"
"morcheeba","parts_of_the_process","be_yourself","5","morcheeba/parts_of_the_process/05-be_yourself.mp3"
"morcheeba","parts_of_the_process","trigger_hippie","10","morcheeba/parts_of_the_process/10-trigger_hippie.mp3"
"muse","absolution","stockholm_syndrome","5","muse/absolution/05-stockholm_syndrome.mp3"
"muse","showbiz","escape","10","muse/showbiz/10-escape.mp3"
"muse","showbiz","showbiz","6","muse/showbiz/06-showbiz.mp3"
"muse","showbiz","muscle_museum","2","muse/showbiz/02-muscle_museum.mp3"
"muse","showbiz","sober","9","muse/showbiz/09-sober.mp3"
"muse","absolution","hysteria","8","muse/absolution/08-hysteria.mp3"
"muse","absolution","endlessly","12","muse/absolution/12-endlessly.mp3"
"mya","fear_of_flying","how_you_gonna_tell_me","8","mya/fear_of_flying/08-how_you_gonna_tell_me.mp3"
"mya","fear_of_flying","man_in_my_life","17","mya/fear_of_flying/17-man_in_my_life.mp3"
"mya","fear_of_flying","ride_shake","3","mya/fear_of_flying/03-ride_shake.mp3"
"mya","fear_of_flying","now_or_never","11","mya/fear_of_flying/11-now_or_never.mp3"
"mya","fear_of_flying","no_tears_on_my_pillow","15","mya/fear_of_flying/15-no_tears_on_my_pillow.mp3"
"mya","fear_of_flying","for_the_first_time","16","mya/fear_of_flying/16-for_the_first_time.mp3"
"mya","fear_of_flying","case_of_the_ex","2","mya/fear_of_flying/02-case_of_the_ex.mp3"
"natalie_imbruglia","white_lilies_island","satellite","3","natalie_imbruglia/white_lilies_island/03-satellite.mp3"
"natalie_imbruglia","white_lilies_island","beauty_on_the_fire","2","natalie_imbruglia/white_lilies_island/02-beauty_on_the_fire.mp3"
"natalie_imbruglia","white_lilies_island","butterflies","11","natalie_imbruglia/white_lilies_island/11-butterflies.mp3"
"natalie_imbruglia","white_lilies_island","talk_in_tongues","10","natalie_imbruglia/white_lilies_island/10-talk_in_tongues.mp3"
"natalie_imbruglia","white_lilies_island","sunlight","9","natalie_imbruglia/white_lilies_island/09-sunlight.mp3"
"natalie_imbruglia","white_lilies_island","hurricane","8","natalie_imbruglia/white_lilies_island/08-hurricane.mp3"
"natalie_imbruglia","white_lilies_island","wrong_impression","5","natalie_imbruglia/white_lilies_island/05-wrong_impression.mp3"
"no_doubt","singles_1992_2003","girls_get_the_bass_in_the_back","16","no_doubt/singles_1992_2003/16-girls_get_the_bass_in_the_back.mp3"
"no_doubt","singles_1992_2003","spiderwebs","11","no_doubt/singles_1992_2003/11-spiderwebs.mp3"
"no_doubt","singles_1992_2003","hey_baby","3","no_doubt/singles_1992_2003/03-hey_baby.mp3"
"no_doubt","singles_1992_2003","bathwater","4","no_doubt/singles_1992_2003/04-bathwater.mp3"
"no_doubt","singles_1992_2003","it_s_my_life","2","no_doubt/singles_1992_2003/02-it_s_my_life.mp3"
"no_doubt","singles_1992_2003","excuse_me_mr","9","no_doubt/singles_1992_2003/09-excuse_me_mr.mp3"
"no_doubt","singles_1992_2003","trapped_in_a_box","15","no_doubt/singles_1992_2003/15-trapped_in_a_box.mp3"
"oasis","heathen_chemistry","hung_in_a_bad_place","3","oasis/heathen_chemistry/03-hung_in_a_bad_place.mp3"
"oasis","heathen_chemistry","stop_crying_your_heart_out","4","oasis/heathen_chemistry/04-stop_crying_your_heart_out.mp3"
"oasis","heathen_chemistry","hindu_times","1","oasis/heathen_chemistry/01-hindu_times.mp3"
"oasis","heathen_chemistry","better_man","11","oasis/heathen_chemistry/11-better_man.mp3"
"oasis","heathen_chemistry","probably_all_in_the_mind","8","oasis/heathen_chemistry/08-probably_all_in_the_mind.mp3"
"oasis","heathen_chemistry","songbird","5","oasis/heathen_chemistry/05-songbird.mp3"
"oasis","heathen_chemistry","born_on_a_different_cloud","10","oasis/heathen_chemistry/10-born_on_a_different_cloud.mp3"
"paul_van_dyk","out_there_and_back","tell_me_why_the_riddle","6","paul_van_dyk/out_there_and_back/06-tell_me_why_the_riddle.mp3"
"paul_van_dyk","out_there_and_back","out_there_and_back","11","paul_van_dyk/out_there_and_back/11-out_there_and_back.mp3"
"paul_van_dyk","out_there_and_back","together_we_will","7","paul_van_dyk/out_there_and_back/07-together_we_will.mp3"
"paul_van_dyk","out_there_and_back","columbia","10","paul_van_dyk/out_there_and_back/10-columbia.mp3"
"paul_van_dyk","out_there_and_back","another_way","3","paul_van_dyk/out_there_and_back/03-another_way.mp3"
"paul_van_dyk","out_there_and_back","vega","1","paul_van_dyk/out_there_and_back/01-vega.mp3"
"paul_van_dyk","out_there_and_back","we_are_alive","12","paul_van_dyk/out_there_and_back/12-we_are_alive.mp3"
"pet_shop_boys","closer_to_heaven","out_of_my_system_shell_and_babes","13","pet_shop_boys/closer_to_heaven/13-out_of_my_system_shell_and_babes.mp3"
"pet_shop_boys","closer_to_heaven_musical","something_special_straight_da","2","pet_shop_boys/closer_to_heaven_musical/02-something_special_straight_da.mp3"
"pet_shop_boys","release","birthday_boy","3","pet_shop_boys/release/03-birthday_boy.mp3"
"pet_shop_boys","release","e_mail","5","pet_shop_boys/release/05-e_mail.mp3"
"pet_shop_boys","closer_to_heaven","closer_to_heaven_straight_dave_and_mile_end_lee","12","pet_shop_boys/closer_to_heaven/12-closer_to_heaven_straight_dave_and_mile_end_lee.mp3"
"pet_shop_boys","closer_to_heaven","shameless_vile_celebrities","10","pet_shop_boys/closer_to_heaven/10-shameless_vile_celebrities.mp3"
"pet_shop_boys","closer_to_heaven","it_s_just_my_little_tribute_to_caligula_darling_billie_trix_and_babes","7","pet_shop_boys/closer_to_heaven/07-it_s_just_my_little_tribute_to_caligula_darling_billie_trix_and_babes.mp3"
"peter_gabriel","up","i_grieve","5","peter_gabriel/up/05-i_grieve.mp3"
"peter_gabriel","across_the_river","go_go_i_go_swimming","5","peter_gabriel/across_the_river/05-go_go_i_go_swimming.mp3"
"peter_gabriel","miss_advance","washing_of_the_water","15","peter_gabriel/miss_advance/15-washing_of_the_water.mp3"
"peter_gabriel","hit_advance","growing_up","8","peter_gabriel/hit_advance/08-growing_up.mp3"
"peter_gabriel","shaking_the_tree_sixteen_golden_greats","big_time","14","peter_gabriel/shaking_the_tree_sixteen_golden_greats/14-big_time.mp3"
"peter_gabriel","hit_advance","burn_you_up_burn_you_down","7","peter_gabriel/hit_advance/07-burn_you_up_burn_you_down.mp3"
"peter_gabriel","up","growing_up","2","peter_gabriel/up/02-growing_up.mp3"
"phil_collins","dance_into_the_light","same_moon","10","phil_collins/dance_into_the_light/10-same_moon.mp3"
"phil_collins","testify","come_with_me","2","phil_collins/testify/02-come_with_me.mp3"
"phil_collins","testify","least_you_can_do","9","phil_collins/testify/09-least_you_can_do.mp3"
"phil_collins","testify","its_not_too_late","6","phil_collins/testify/06-its_not_too_late.mp3"
"phil_collins","testify","swing_low","5","phil_collins/testify/05-swing_low.mp3"
"phil_collins","dance_into_the_light","just_another_story","4","phil_collins/dance_into_the_light/04-just_another_story.mp3"
"phil_collins","testify","wake_up_call","1","phil_collins/testify/01-wake_up_call.mp3"
"pink_floyd","echoes_the_best_of_pink_floyd_disk_2","time","2","pink_floyd/echoes_the_best_of_pink_floyd_disk_2/02-time.mp3"
"pink_floyd","echoes_the_best_of_pink_floyd_disk_2","wish_you_were_here","10","pink_floyd/echoes_the_best_of_pink_floyd_disk_2/10-wish_you_were_here.mp3"
"pink_floyd","wish_you_were_here","wish_you_were_here","4","pink_floyd/wish_you_were_here/04-wish_you_were_here.mp3"
"pink_floyd","echoes_the_best_of_pink_floyd_disk_2","fletcher_memorial_home","3","pink_floyd/echoes_the_best_of_pink_floyd_disk_2/03-fletcher_memorial_home.mp3"
"pink_floyd","dark_side_of_the_moon_sacd","eclipse","10","pink_floyd/dark_side_of_the_moon_sacd/10-eclipse.mp3"
"pink_floyd","echoes_the_best_of_pink_floyd_disk_2","shine_on_you_crazy_diamond_parts_1_7","1","pink_floyd/echoes_the_best_of_pink_floyd_disk_2/01-shine_on_you_crazy_diamond_parts_1_7.mp3"
"pink_floyd","dark_side_of_the_moon","brain_damage","8","pink_floyd/dark_side_of_the_moon/08-brain_damage.mp3"
"pj_harvey","stories_from_the_city","big_exit","1","pj_harvey/stories_from_the_city/01-big_exit.mp3"
"pj_harvey","stories_from_the_city","we_float","12","pj_harvey/stories_from_the_city/12-we_float.mp3"
"pj_harvey","stories_from_the_city","one_line","4","pj_harvey/stories_from_the_city/04-one_line.mp3"
"pj_harvey","stories_from_the_city","whores_hustle_and","6","pj_harvey/stories_from_the_city/06-whores_hustle_and.mp3"
"pj_harvey","stories_from_the_city","you_said_something","8","pj_harvey/stories_from_the_city/08-you_said_something.mp3"
"pj_harvey","stories_from_the_city","this_mess_were_in","7","pj_harvey/stories_from_the_city/07-this_mess_were_in.mp3"
"pj_harvey","stories_from_the_city","horses_in_my_dreams","11","pj_harvey/stories_from_the_city/11-horses_in_my_dreams.mp3"
"portishead","dummy","numb","7","portishead/dummy/07-numb.mp3"
"portishead","roseland_nyc_live","glory_box","8","portishead/roseland_nyc_live/08-glory_box.mp3"
"portishead","roseland_nyc_live","only_you","5","portishead/roseland_nyc_live/05-only_you.mp3"
"portishead","portishead","all_mine","2","portishead/portishead/02-all_mine.mp3"
"portishead","dummy","pedestal","9","portishead/dummy/09-pedestal.mp3"
"portishead","portishead","only_you","9","portishead/portishead/09-only_you.mp3"
"portishead","dummy","biscuit","10","portishead/dummy/10-biscuit.mp3"
"prince","acoustic_set_live","whole_lotta_love","2","prince/acoustic_set_live/02-whole_lotta_love.mp3"
"prince","xpectation","xotica","5","prince/xpectation/05-xotica.mp3"
"prince","one_night_alone_retail","case_of_u","4","prince/one_night_alone_retail/04-case_of_u.mp3"
"prince","prince_the_very_best_of_prince","i_wanna_be_your_lover","1","prince/prince_the_very_best_of_prince/01-i_wanna_be_your_lover.mp3"
"prince","xpectation","xosphere","8","prince/xpectation/08-xosphere.mp3"
"prince","n_e_w_s","east","2","prince/n_e_w_s/02-east.mp3"
"prince","acoustic_set_live","case_of_you","5","prince/acoustic_set_live/05-case_of_you.mp3"
"queen","greatest_hits_ii","kind_of_magic","1","queen/greatest_hits_ii/01-kind_of_magic.mp3"
"queen","greatest_hits_ii","i_m_going_slightly_mad","12","queen/greatest_hits_ii/12-i_m_going_slightly_mad.mp3"
"queen","greatest_hits_ii","hammer_to_fall","14","queen/greatest_hits_ii/14-hammer_to_fall.mp3"
"queen","greatest_hits_volume_1_special","great_pretender_f_mercur","8","queen/greatest_hits_volume_1_special/08-great_pretender_f_mercur.mp3"
"queen","greatest_hits","killer_queen","3","queen/greatest_hits/03-killer_queen.mp3"
"queen","greatest_hits_volume_1_special","play_the_game","13","queen/greatest_hits_volume_1_special/13-play_the_game.mp3"
"queen","innuendo","bijou","11","queen/innuendo/11-bijou.mp3"
"radiohead","pop_is_dead_cdm","creep_live","3","radiohead/pop_is_dead_cdm/03-creep_live.mp3"
"radiohead","kid_a","genchildren","11","radiohead/kid_a/11-genchildren.mp3"
"radiohead","ok_computer","let_down","5","radiohead/ok_computer/05-let_down.mp3"
"radiohead","bends","bones","5","radiohead/bends/05-bones.mp3"
"radiohead","pop_is_dead_cdm","banana_co_live","2","radiohead/pop_is_dead_cdm/02-banana_co_live.mp3"
"radiohead","bends","sulk","11","radiohead/bends/11-sulk.mp3"
"radiohead","bends","bends","2","radiohead/bends/02-bends.mp3"
"ricky_martin","sound_loaded","ven_a_m_come_to_me","12","ricky_martin/sound_loaded/12-ven_a_m_come_to_me.mp3"
"ricky_martin","sound_loaded","come_to_me","3","ricky_martin/sound_loaded/03-come_to_me.mp3"
"ricky_martin","sound_loaded","jezabel","7","ricky_martin/sound_loaded/07-jezabel.mp3"
"ricky_martin","sound_loaded","are_you_in_it_for_love","11","ricky_martin/sound_loaded/11-are_you_in_it_for_love.mp3"
"ricky_martin","sound_loaded","saint_tropez","2","ricky_martin/sound_loaded/02-saint_tropez.mp3"
"ricky_martin","sound_loaded","one_night_man","9","ricky_martin/sound_loaded/09-one_night_man.mp3"
"ricky_martin","sound_loaded","dame_m_s_loaded","14","ricky_martin/sound_loaded/14-dame_m_s_loaded.mp3"
"rod_stewart","reason_to_believe","every_picture_tells_a_story","1","rod_stewart/reason_to_believe/01-every_picture_tells_a_story.mp3"
"rod_stewart","reason_to_believe","sweet_little_rock_n_roller","4","rod_stewart/reason_to_believe/04-sweet_little_rock_n_roller.mp3"
"rod_stewart","reason_to_believe","twistin_the_night_away","17","rod_stewart/reason_to_believe/17-twistin_the_night_away.mp3"
"rod_stewart","reason_to_believe","mine_for_me","15","rod_stewart/reason_to_believe/15-mine_for_me.mp3"
"rod_stewart","reason_to_believe","dixie_toot","11","rod_stewart/reason_to_believe/11-dixie_toot.mp3"
"rod_stewart","reason_to_believe","mama_you_been_on_my_mind","11","rod_stewart/reason_to_believe/11-mama_you_been_on_my_mind.mp3"
"rod_stewart","reason_to_believe","my_way_of_giving","12","rod_stewart/reason_to_believe/12-my_way_of_giving.mp3"
"roxette","ballad_hits","crash_boom_bang","8","roxette/ballad_hits/08-crash_boom_bang.mp3"
"roxette","tourism","look","3","roxette/tourism/03-look.mp3"
"roxette","tourism","keep_me_waiting","6","roxette/tourism/06-keep_me_waiting.mp3"
"roxette","tourism","things_will_never_be_the_same","14","roxette/tourism/14-things_will_never_be_the_same.mp3"
"roxette","ballad_hits","queen_of_rain","6","roxette/ballad_hits/06-queen_of_rain.mp3"
"roxette","ballad_hits","breathe","15","roxette/ballad_hits/15-breathe.mp3"
"roxette","ballad_hits","spending_my_time","5","roxette/ballad_hits/05-spending_my_time.mp3"
"sade","lovers_live_dvd","every_word_live_lcmp3","6","sade/lovers_live_dvd/06-every_word_live_lcmp3.mp3"
"sade","lovers_live_dvd","lovers_rock_live_lcmp3","14","sade/lovers_live_dvd/14-lovers_rock_live_lcmp3.mp3"
"sade","lovers_live","sweetest_taboo","8","sade/lovers_live/08-sweetest_taboo.mp3"
"sade","lovers_live","jezebel","4","sade/lovers_live/04-jezebel.mp3"
"sade","lovers_live_dvd","sweetest_gift_live_lcmp3","12","sade/lovers_live_dvd/12-sweetest_gift_live_lcmp3.mp3"
"sade","lovers_live","somebody_already_broke_my_heart","2","sade/lovers_live/02-somebody_already_broke_my_heart.mp3"
"sade","lovers_rock","its_only_love_that_gets_you_th","11","sade/lovers_rock/11-its_only_love_that_gets_you_th.mp3"
"santana","shaman","sideways","9","santana/shaman/09-sideways.mp3"
"santana","shaman","why_dont_uou_i","10","santana/shaman/10-why_dont_uou_i.mp3"
"santana","shaman","one_of_these_days","15","santana/shaman/15-one_of_these_days.mp3"
"santana","supernatural","put_your_lights_on_feat_everlast","3","santana/supernatural/03-put_your_lights_on_feat_everlast.mp3"
"santana","shaman","you_are_my_kind","4","santana/shaman/04-you_are_my_kind.mp3"
"santana","shaman","america","8","santana/shaman/08-america.mp3"
"santana","supernatural","maria_maria_feat_the_product_g_and_b_and_wyclef_jean","7","santana/supernatural/07-maria_maria_feat_the_product_g_and_b_and_wyclef_jean.mp3"
"savage_garden","affirmation","lover_after_me","8","savage_garden/affirmation/08-lover_after_me.mp3"
"savage_garden","affirmation","you_can_still_be_free","10","savage_garden/affirmation/10-you_can_still_be_free.mp3"
"savage_garden","affirmation","hold_me","2","savage_garden/affirmation/02-hold_me.mp3"
"savage_garden","affirmation","affirmation","1","savage_garden/affirmation/01-affirmation.mp3"
"savage_garden","affirmation","two_beds_and_a_coffee_machine","9","savage_garden/affirmation/09-two_beds_and_a_coffee_machine.mp3"
"savage_garden","affirmation","best_thing","4","savage_garden/affirmation/04-best_thing.mp3"
"savage_garden","affirmation","gunning_down_romance","11","savage_garden/affirmation/11-gunning_down_romance.mp3"
"shania_twain","up_cd_1_red_disk","it_only_hurts_when_im_breathing","7","shania_twain/up_cd_1_red_disk/07-it_only_hurts_when_im_breathing.mp3"
"shania_twain","come_on_over","love_gets_me_every_time","11","shania_twain/come_on_over/11-love_gets_me_every_time.mp3"
"shania_twain","come_on_over","i_wont_leave_you_lonely","5","shania_twain/come_on_over/05-i_wont_leave_you_lonely.mp3"
"shania_twain","come_on_over","honey_im_home","14","shania_twain/come_on_over/14-honey_im_home.mp3"
"shania_twain","up_cd_1_red_disk","im_gonna_getcha_good","2","shania_twain/up_cd_1_red_disk/02-im_gonna_getcha_good.mp3"
"shania_twain","come_on_over","dont_be_stupid_you_know_i_love_you","12","shania_twain/come_on_over/12-dont_be_stupid_you_know_i_love_you.mp3"
"shania_twain","up_cd_1_red_disk","wanna_get_to_know_you_that_good","9","shania_twain/up_cd_1_red_disk/09-wanna_get_to_know_you_that_good.mp3"
"sheryl_crow","cmon_cmon","weather_channel","13","sheryl_crow/cmon_cmon/13-weather_channel.mp3"
"sheryl_crow","tuesday_night_music_club","nana_song","6","sheryl_crow/tuesday_night_music_club/06-nana_song.mp3"
"sheryl_crow","c_mon_c_mon","steve_mcqueen","2","sheryl_crow/c_mon_c_mon/02-steve_mcqueen.mp3"
"sheryl_crow","tuesday_night_music_club","run_baby_run","1","sheryl_crow/tuesday_night_music_club/01-run_baby_run.mp3"
"sheryl_crow","tuesday_night_music_club","strong_enough","3","sheryl_crow/tuesday_night_music_club/03-strong_enough.mp3"
"sheryl_crow","cmon_cmon","abilene","11","sheryl_crow/cmon_cmon/11-abilene.mp3"
"sheryl_crow","tuesday_night_music_club","we_do_what_we_can","10","sheryl_crow/tuesday_night_music_club/10-we_do_what_we_can.mp3"
"smash_mouth","smash_mouth","your_man","2","smash_mouth/smash_mouth/02-your_man.mp3"
"smash_mouth","smash_mouth","sister_psychic","5","smash_mouth/smash_mouth/05-sister_psychic.mp3"
"smash_mouth","smash_mouth","in_set","10","smash_mouth/smash_mouth/10-in_set.mp3"
"smash_mouth","smash_mouth","all_star","14","smash_mouth/smash_mouth/14-all_star.mp3"
"smash_mouth","smash_mouth","walkin_on_the_sun","15","smash_mouth/smash_mouth/15-walkin_on_the_sun.mp3"
"smash_mouth","smash_mouth","holiday_in_my_head","1","smash_mouth/smash_mouth/01-holiday_in_my_head.mp3"
"smash_mouth","smash_mouth","i_m_a_believer","13","smash_mouth/smash_mouth/13-i_m_a_believer.mp3"
"smashing_pumpkins","siamese_dream","hummer","4","smashing_pumpkins/siamese_dream/04-hummer.mp3"
"smashing_pumpkins","siamese_dream","geek_u_s_a","8","smashing_pumpkins/siamese_dream/08-geek_u_s_a.mp3"
"smashing_pumpkins","siamese_dream","disarm","6","smashing_pumpkins/siamese_dream/06-disarm.mp3"
"smashing_pumpkins","siamese_dream","rocket","5","smashing_pumpkins/siamese_dream/05-rocket.mp3"
"smashing_pumpkins","siamese_dream","spaceboy","10","smashing_pumpkins/siamese_dream/10-spaceboy.mp3"
"smashing_pumpkins","siamese_dream","today","3","smashing_pumpkins/siamese_dream/03-today.mp3"
"smashing_pumpkins","siamese_dream","mayonaise","9","smashing_pumpkins/siamese_dream/09-mayonaise.mp3"
"soundgarden","down_on_the_upside","rhinosaur","2","soundgarden/down_on_the_upside/02-rhinosaur.mp3"
"soundgarden","down_on_the_upside","blow_up_the_outside_world","6","soundgarden/down_on_the_upside/06-blow_up_the_outside_world.mp3"
"soundgarden","down_on_the_upside","zero_chance","3","soundgarden/down_on_the_upside/03-zero_chance.mp3"
"soundgarden","down_on_the_upside","never_named","8","soundgarden/down_on_the_upside/08-never_named.mp3"
"soundgarden","down_on_the_upside","boot_camp","16","soundgarden/down_on_the_upside/16-boot_camp.mp3"
"soundgarden","superunknown","spoonman","8","soundgarden/superunknown/08-spoonman.mp3"
"soundgarden","superunknown","half","14","soundgarden/superunknown/14-half.mp3"
"spice_girls","forever","let_love_lead_the_way","3","spice_girls/forever/03-let_love_lead_the_way.mp3"
"spice_girls","forever","tell_me_why","2","spice_girls/forever/02-tell_me_why.mp3"
"spice_girls","forever","oxygen","10","spice_girls/forever/10-oxygen.mp3"
"spice_girls","forever","right_back_at_ya","4","spice_girls/forever/04-right_back_at_ya.mp3"
"spice_girls","forever","get_down_with_me","5","spice_girls/forever/05-get_down_with_me.mp3"
"spice_girls","forever","holler","1","spice_girls/forever/01-holler.mp3"
"spice_girls","forever","goodbye","11","spice_girls/forever/11-goodbye.mp3"
"staind","break_the_cycle","it_s_been_awhile_acoustic","14","staind/break_the_cycle/14-it_s_been_awhile_acoustic.mp3"
"staind","break_the_cycle","for_you","10","staind/break_the_cycle/10-for_you.mp3"
"staind","break_the_cycle","can_t_believe","6","staind/break_the_cycle/06-can_t_believe.mp3"
"staind","break_the_cycle","open_your_eyes","1","staind/break_the_cycle/01-open_your_eyes.mp3"
"staind","break_the_cycle","safe_place","9","staind/break_the_cycle/09-safe_place.mp3"
"staind","break_the_cycle","take_it","13","staind/break_the_cycle/13-take_it.mp3"
"staind","break_the_cycle","waste","12","staind/break_the_cycle/12-waste.mp3"
"steve_winwood","chronicles","my_loves_leavin","5","steve_winwood/chronicles/05-my_loves_leavin.mp3"
"steve_winwood","roll_with_it","shining_song","8","steve_winwood/roll_with_it/08-shining_song.mp3"
"steve_winwood","chronicles","spanish_dancer","9","steve_winwood/chronicles/09-spanish_dancer.mp3"
"steve_winwood","chronicles","help_me_angel","4","steve_winwood/chronicles/04-help_me_angel.mp3"
"steve_winwood","roll_with_it","one_more_morning","7","steve_winwood/roll_with_it/07-one_more_morning.mp3"
"steve_winwood","chronicles","arc_of_a_diver","7","steve_winwood/chronicles/07-arc_of_a_diver.mp3"
"steve_winwood","chronicles","talking_back_to_the_night","10","steve_winwood/chronicles/10-talking_back_to_the_night.mp3"
"sting","sacred_love","send_your_love_dave_aude_remix","11","sting/sacred_love/11-send_your_love_dave_aude_remix.mp3"
"sting","bring_on_the_night_recorded_l","bring_on_the_night","9","sting/bring_on_the_night_recorded_l/09-bring_on_the_night.mp3"
"sting","sacred_love","like_a_beautiful_smile","13","sting/sacred_love/13-like_a_beautiful_smile.mp3"
"sting","fields_of_gold","moon_over_bourbon_street","13","sting/fields_of_gold/13-moon_over_bourbon_street.mp3"
"sting","bring_on_the_night_recorded_l","when_the_world_is_running_down","10","sting/bring_on_the_night_recorded_l/10-when_the_world_is_running_down.mp3"
"sting","bring_on_the_night_recorded_l","mad_aboiut_you","3","sting/bring_on_the_night_recorded_l/03-mad_aboiut_you.mp3"
"sting","fields_of_gold","fields_of_gold","3","sting/fields_of_gold/03-fields_of_gold.mp3"
"sugar_ray","sugar_ray","stay_on_feat_nick_hexum","8","sugar_ray/sugar_ray/08-stay_on_feat_nick_hexum.mp3"
"sugar_ray","sugar_ray","sorry_now","7","sugar_ray/sugar_ray/07-sorry_now.mp3"
"sugar_ray","sugar_ray","disaster_piece","11","sugar_ray/sugar_ray/11-disaster_piece.mp3"
"sugar_ray","sugar_ray","under_the_sun","3","sugar_ray/sugar_ray/03-under_the_sun.mp3"
"sugar_ray","sugar_ray","when_it_s_over","2","sugar_ray/sugar_ray/02-when_it_s_over.mp3"
"sugar_ray","sugar_ray","wordsto_me","9","sugar_ray/sugar_ray/09-wordsto_me.mp3"
"sugar_ray","sugar_ray","ours","6","sugar_ray/sugar_ray/06-ours.mp3"
"supertramp","slow_motion_retail","slow_motion","1","supertramp/slow_motion_retail/01-slow_motion.mp3"
"supertramp","dreamer_cda","soap_box_opera","5","supertramp/dreamer_cda/05-soap_box_opera.mp3"
"supertramp","very_best_of_re_issue","breakfast_in_america","5","supertramp/very_best_of_re_issue/05-breakfast_in_america.mp3"
"supertramp","famous_last_words_re","know_who_you_are","5","supertramp/famous_last_words_re/05-know_who_you_are.mp3"
"supertramp","dreamer_cda","aint_nobody","8","supertramp/dreamer_cda/08-aint_nobody.mp3"
"supertramp","indelibly_stamped_re","remember","4","supertramp/indelibly_stamped_re/04-remember.mp3"
"supertramp","famous_last_words_re","my_kind_of_lady","6","supertramp/famous_last_words_re/06-my_kind_of_lady.mp3"
"texas","careful_what_you_wish_for","careful_what_you_wish_for","7","texas/careful_what_you_wish_for/07-careful_what_you_wish_for.mp3"
"texas","careful_what_you_wish_for","place_in_my_world","11","texas/careful_what_you_wish_for/11-place_in_my_world.mp3"
"texas","careful_what_you_wish_for","under_your_skin","9","texas/careful_what_you_wish_for/09-under_your_skin.mp3"
"texas","careful_what_you_wish_for","broken","2","texas/careful_what_you_wish_for/02-broken.mp3"
"texas","careful_what_you_wish_for","big_sleep","8","texas/careful_what_you_wish_for/08-big_sleep.mp3"
"texas","careful_what_you_wish_for","carousel_dub","10","texas/careful_what_you_wish_for/10-carousel_dub.mp3"
"texas","woman_vol2_2001","texas_inner_smile","8","texas/woman_vol2_2001/08-texas_inner_smile.mp3"
"third_eye_blind","third_eye_blind","background","12","third_eye_blind/third_eye_blind/12-background.mp3"
"third_eye_blind","third_eye_blind","hows_it_going_to_be","6","third_eye_blind/third_eye_blind/06-hows_it_going_to_be.mp3"
"third_eye_blind","third_eye_blind","i_want_you","11","third_eye_blind/third_eye_blind/11-i_want_you.mp3"
"third_eye_blind","third_eye_blind","narcolepsy","2","third_eye_blind/third_eye_blind/02-narcolepsy.mp3"
"third_eye_blind","third_eye_blind","losing_a_whole_year","1","third_eye_blind/third_eye_blind/01-losing_a_whole_year.mp3"
"third_eye_blind","third_eye_blind","god_of_wine","14","third_eye_blind/third_eye_blind/14-god_of_wine.mp3"
"third_eye_blind","third_eye_blind","london","10","third_eye_blind/third_eye_blind/10-london.mp3"
"tina_turner","private_dancer","help","9","tina_turner/private_dancer/09-help.mp3"
"tina_turner","private_dancer","what_s_love_got_to_do_with_it","2","tina_turner/private_dancer/02-what_s_love_got_to_do_with_it.mp3"
"tina_turner","private_dancer","private_dancer","5","tina_turner/private_dancer/05-private_dancer.mp3"
"tina_turner","private_dancer","better_be_good_to_me","7","tina_turner/private_dancer/07-better_be_good_to_me.mp3"
"tina_turner","private_dancer","steel_claw","8","tina_turner/private_dancer/08-steel_claw.mp3"
"tina_turner","private_dancer","i_might_have_been_queen","1","tina_turner/private_dancer/01-i_might_have_been_queen.mp3"
"tina_turner","private_dancer","let_s_stay_together","6","tina_turner/private_dancer/06-let_s_stay_together.mp3"
"tool","lateralus","triad","12","tool/lateralus/12-triad.mp3"
"tool","nima","nima","13","tool/nima/13-nima.mp3"
"tool","nima","cesaro_summability","12","tool/nima/12-cesaro_summability.mp3"
"tool","nima","eulogy","2","tool/nima/02-eulogy.mp3"
"tool","lateralus","disposition","10","tool/lateralus/10-disposition.mp3"
"tool","lateralus","ticks_leeches","8","tool/lateralus/08-ticks_leeches.mp3"
"tool","nima","pushit","11","tool/nima/11-pushit.mp3"
"tricky","vulnerable_fix_read_nfo","my_mermaid_fix","8","tricky/vulnerable_fix_read_nfo/08-my_mermaid_fix.mp3"
"tricky","vulnerable_fix_read_nfo","love_cats_fix","12","tricky/vulnerable_fix_read_nfo/12-love_cats_fix.mp3"
"tricky","blowback","bury_the_evidence","9","tricky/blowback/09-bury_the_evidence.mp3"
"tricky","vulnerable_fix_read_nfo","stay_fix","1","tricky/vulnerable_fix_read_nfo/01-stay_fix.mp3"
"tricky","vulnerable_fix_read_nfo","where_i_m_from_fix","11","tricky/vulnerable_fix_read_nfo/11-where_i_m_from_fix.mp3"
"tricky","vulnerable_fix_read_nfo","dear_god_fix","5","tricky/vulnerable_fix_read_nfo/05-dear_god_fix.mp3"
"tricky","vulnerable_fix_read_nfo","search_and_survive_fix","13","tricky/vulnerable_fix_read_nfo/13-search_and_survive_fix.mp3"
"u2","joshua_tree","where_the_streets","1","u2/joshua_tree/01-where_the_streets.mp3"
"u2","bsides_the_best_of_19902000","your_blue_room","6","u2/bsides_the_best_of_19902000/06-your_blue_room.mp3"
"u2","best_the_b_sides_of_1990","if_god_will_send_his_angels_b","12","u2/best_the_b_sides_of_1990/12-if_god_will_send_his_angels_b.mp3"
"u2","bsides_the_best_of_19902000","if_god_will_send_his_angles_big_yam_mix","12","u2/bsides_the_best_of_19902000/12-if_god_will_send_his_angles_big_yam_mix.mp3"
"u2","best_the_b_sides_of_1990","even_better_than_the_real_thin","1","u2/best_the_b_sides_of_1990/01-even_better_than_the_real_thin.mp3"
"u2","best_of_19801990","i_still_havent_found_what_im_looking_for","4","u2/best_of_19801990/04-i_still_havent_found_what_im_looking_for.mp3"
"u2","joshua_tree","i_still_haven_t_found","2","u2/joshua_tree/02-i_still_haven_t_found.mp3"
"usher","8701","hottest_thing","13","usher/8701/13-hottest_thing.mp3"
"usher","8701","t_t_p","16","usher/8701/16-t_t_p.mp3"
"usher","8701","without_u_interlude","10","usher/8701/10-without_u_interlude.mp3"
"usher","8701","intro_lude_8701_0207092833","1","usher/8701/01-intro_lude_8701_0207092833.mp3"
"usher","8701","if_i_want_to","7","usher/8701/07-if_i_want_to.mp3"
"usher","8701","i_don_t_know_ft_p_diddy","3","usher/8701/03-i_don_t_know_ft_p_diddy.mp3"
"usher","8701","how_do_i_say","12","usher/8701/12-how_do_i_say.mp3"
"westlife","world_of_our_own","imaginary_diva","16","westlife/world_of_our_own/16-imaginary_diva.mp3"
"westlife","world_of_our_own","if_you_heart_s_not_in_it","10","westlife/world_of_our_own/10-if_you_heart_s_not_in_it.mp3"
"westlife","world_of_our_own","love_crime","15","westlife/world_of_our_own/15-love_crime.mp3"
"westlife","world_of_our_own","i_wanna_grow_old_with_you","5","westlife/world_of_our_own/05-i_wanna_grow_old_with_you.mp3"
"westlife","world_of_our_own","","18","westlife/world_of_our_own/18-.mp3"
"westlife","world_of_our_own","angel","17","westlife/world_of_our_own/17-angel.mp3"
"westlife","world_of_our_own","don_t_say_it_s_too_late","12","westlife/world_of_our_own/12-don_t_say_it_s_too_late.mp3"
"zz_top","greatest_hits","give_it_up","12","zz_top/greatest_hits/12-give_it_up.mp3"
"zz_top","greatest_hits","gun_love","10","zz_top/greatest_hits/10-gun_love.mp3"
"zz_top","greatest_hits","tush","4","zz_top/greatest_hits/04-tush.mp3"
"zz_top","greatest_hits","my_head_s_in_mississippi","5","zz_top/greatest_hits/05-my_head_s_in_mississippi.mp3"
"zz_top","greatest_hits","sleeping_bag","14","zz_top/greatest_hits/14-sleeping_bag.mp3"
"zz_top","greatest_hits","doubleback","9","zz_top/greatest_hits/09-doubleback.mp3"
"zz_top","greatest_hits","planet_of_women","15","zz_top/greatest_hits/15-planet_of_women.mp3"
